id,scientificName,latitude,longitude,eventDate,basisOfRecord,occurrenceStatus,datasetName,institutionCode,abundance
136,Russula bicolor,53.1314,10.7975,2017-01-01,MaterialSample,present,Russula_bicolor_study,GBIF,177
331,Russula bicolor,59.6342,24.9995,2016-01-01,MaterialSample,present,Russula_bicolor_study,GBIF,5
950,Russula bicolor,46.8844,-72.2951,2017-01-01,MaterialSample,present,Russula_bicolor_study,GBIF,107
1738,Russula bicolor,62.1444,25.7346,2019-01-01,MaterialSample,present,Russula_bicolor_study,GBIF,6
1805,Russula bicolor,56.848,59.863,2017-01-01,MaterialSample,present,Russula_bicolor_study,GBIF,27
1912,Russula bicolor,52.86,23.88,2017-01-01,MaterialSample,present,Russula_bicolor_study,GBIF,13
2182,Russula bicolor,56.801,59.425,2017-01-01,MaterialSample,present,Russula_bicolor_study,GBIF,1
2517,Russula bicolor,56.801,59.425,2017-01-01,MaterialSample,present,Russula_bicolor_study,GBIF,422
3666,Russula bicolor,59.6248,15.2031,2008-01-01,MaterialSample,present,Russula_bicolor_study,GBIF,1
3989,Russula bicolor,48.5226,-79.4328,2017-01-01,MaterialSample,present,Russula_bicolor_study,GBIF,13
4385,Russula bicolor,53.1171,10.8376,2017-01-01,MaterialSample,present,Russula_bicolor_study,GBIF,12
4508,Russula bicolor,35.9219,138.813,2014-01-01,MaterialSample,present,Russula_bicolor_study,GBIF,7
4778,Russula bicolor,58.0358,26.7563,2015-01-01,MaterialSample,present,Russula_bicolor_study,GBIF,1
4814,Russula bicolor,56.4553,32.9808,2014-01-01,MaterialSample,present,Russula_bicolor_study,GBIF,2
4818,Russula bicolor,58.9205,27.0112,2015-01-01,MaterialSample,present,Russula_bicolor_study,GBIF,2
4821,Russula bicolor,48.9194,13.671,2016-01-01,MaterialSample,present,Russula_bicolor_study,GBIF,86
4839,Russula bicolor,54.2883,57.4039,2018-01-01,MaterialSample,present,Russula_bicolor_study,GBIF,116
4843,Russula bicolor,58.2621,27.3179,2011-01-01,MaterialSample,present,Russula_bicolor_study,GBIF,1
4886,Russula bicolor,48.1268,-79.2657,2017-01-01,MaterialSample,present,Russula_bicolor_study,GBIF,1
5065,Russula bicolor,58.9769,22.8645,2015-01-01,MaterialSample,present,Russula_bicolor_study,GBIF,13
5727,Russula bicolor,35.9588,138.798,2014-01-01,MaterialSample,present,Russula_bicolor_study,GBIF,5
5767,Russula bicolor,62.2731,6.85139,2016-01-01,MaterialSample,present,Russula_bicolor_study,GBIF,24
5879,Russula bicolor,46.4233,-72.921,2017-01-01,MaterialSample,present,Russula_bicolor_study,GBIF,1
5892,Russula bicolor,46.8795,-72.2791,2017-01-01,MaterialSample,present,Russula_bicolor_study,GBIF,2
6510,Russula bicolor,47.56,8.2,2016-01-01,MaterialSample,present,Russula_bicolor_study,GBIF,1
7242,Russula bicolor,53.1171,10.8376,2017-01-01,MaterialSample,present,Russula_bicolor_study,GBIF,68
7974,Russula bicolor,59.1106,27.5785,2015-01-01,MaterialSample,present,Russula_bicolor_study,GBIF,1
8031,Russula bicolor,46.5227,-73.19,2017-01-01,MaterialSample,present,Russula_bicolor_study,GBIF,3
8560,Russula bicolor,51.3858,104.651,2018-01-01,MaterialSample,present,Russula_bicolor_study,GBIF,98
8774,Russula bicolor,55.1292,10.3689,2014-01-01,MaterialSample,present,Russula_bicolor_study,GBIF,315
8869,Russula bicolor,57.5882,10.078,2014-01-01,MaterialSample,present,Russula_bicolor_study,GBIF,136
8870,Russula bicolor,55.0178,8.98455,2014-01-01,MaterialSample,present,Russula_bicolor_study,GBIF,143
8872,Russula bicolor,58.0267,24.6574,2016-01-01,MaterialSample,present,Russula_bicolor_study,GBIF,13
8934,Russula bicolor,52.3413,5.9104,2018-01-01,MaterialSample,present,Russula_bicolor_study,GBIF,6
9001,Russula bicolor,56.7009,13.110900000000001,2014-01-01,MaterialSample,present,Russula_bicolor_study,GBIF,19
9287,Russula bicolor,57.9062,26.1043,2017-01-01,MaterialSample,present,Russula_bicolor_study,GBIF,1
9628,Russula bicolor,58.2789,27.3273,2011-01-01,MaterialSample,present,Russula_bicolor_study,GBIF,1
9962,Russula bicolor,58.2038,26.8082,2014-01-01,MaterialSample,present,Russula_bicolor_study,GBIF,2
9983,Russula bicolor,55.4295,9.4407,2018-01-01,MaterialSample,present,Russula_bicolor_study,GBIF,1
10186,Russula bicolor,46.8903,-72.2939,2017-01-01,MaterialSample,present,Russula_bicolor_study,GBIF,1
10194,Russula bicolor,46.59,6.12,2019-01-01,MaterialSample,present,Russula_bicolor_study,GBIF,2
10406,Russula bicolor,16.8333,112.333,2014-01-01,MaterialSample,present,Russula_bicolor_study,GBIF,6
10420,Russula bicolor,46.03,8.83,2016-01-01,MaterialSample,present,Russula_bicolor_study,GBIF,2
10421,Russula bicolor,46.03,8.83,2015-01-01,MaterialSample,present,Russula_bicolor_study,GBIF,43
10422,Russula bicolor,46.03,8.83,2016-01-01,MaterialSample,present,Russula_bicolor_study,GBIF,29
10423,Russula bicolor,46.03,8.83,2013-01-01,MaterialSample,present,Russula_bicolor_study,GBIF,31
10424,Russula bicolor,46.03,8.83,2015-01-01,MaterialSample,present,Russula_bicolor_study,GBIF,12
10426,Russula bicolor,46.03,8.83,2012-01-01,MaterialSample,present,Russula_bicolor_study,GBIF,23
10428,Russula bicolor,46.03,8.83,2016-01-01,MaterialSample,present,Russula_bicolor_study,GBIF,1
10429,Russula bicolor,46.03,8.83,2013-01-01,MaterialSample,present,Russula_bicolor_study,GBIF,10
10542,Russula bicolor,61.0268,25.7997,2019-01-01,MaterialSample,present,Russula_bicolor_study,GBIF,18
10750,Russula bicolor,55.1432,8.89773,2014-01-01,MaterialSample,present,Russula_bicolor_study,GBIF,4
10751,Russula bicolor,52.6398,9.29817,2017-01-01,MaterialSample,present,Russula_bicolor_study,GBIF,634
10753,Russula bicolor,46.03,8.83,2013-01-01,MaterialSample,present,Russula_bicolor_study,GBIF,44
10754,Russula bicolor,53.1366,10.799,2017-01-01,MaterialSample,present,Russula_bicolor_study,GBIF,96
11011,Russula bicolor,56.0812,-4.55615,2011-01-01,MaterialSample,present,Russula_bicolor_study,GBIF,22
11315,Russula bicolor,56.2453,8.49395,2014-01-01,MaterialSample,present,Russula_bicolor_study,GBIF,16
11645,Russula bicolor,52.3413,5.9104,2018-01-01,MaterialSample,present,Russula_bicolor_study,GBIF,780
11724,Russula bicolor,52.68,23.71,2017-01-01,MaterialSample,present,Russula_bicolor_study,GBIF,29
11725,Russula bicolor,56.57,13.7,2019-01-01,MaterialSample,present,Russula_bicolor_study,GBIF,154
12111,Russula bicolor,52.3413,5.9104,2018-01-01,MaterialSample,present,Russula_bicolor_study,GBIF,109
12201,Russula bicolor,56.801,59.425,2017-01-01,MaterialSample,present,Russula_bicolor_study,GBIF,4
12336,Russula bicolor,55.6942,8.19077,2014-01-01,MaterialSample,present,Russula_bicolor_study,GBIF,127
12372,Russula bicolor,16.9288,112.35,2014-01-01,MaterialSample,present,Russula_bicolor_study,GBIF,1
12495,Russula bicolor,45.9372,123.627,2020-01-01,MaterialSample,present,Russula_bicolor_study,GBIF,2
12931,Russula bicolor,56.801,59.425,2017-01-01,MaterialSample,present,Russula_bicolor_study,GBIF,2
13230,Russula bicolor,52.65,23.62,2017-01-01,MaterialSample,present,Russula_bicolor_study,GBIF,1694
13237,Russula bicolor,69.8906,21.5711,2012-01-01,MaterialSample,present,Russula_bicolor_study,GBIF,3
13399,Russula bicolor,50.2191,15.6506,2018-01-01,MaterialSample,present,Russula_bicolor_study,GBIF,1
13433,Russula bicolor,35.9479,138.804,2014-01-01,MaterialSample,present,Russula_bicolor_study,GBIF,1
13800,Russula bicolor,48.397,-79.2638,2017-01-01,MaterialSample,present,Russula_bicolor_study,GBIF,18
13909,Russula bicolor,58.2282,26.6775,2017-01-01,MaterialSample,present,Russula_bicolor_study,GBIF,1
14256,Russula bicolor,62.5001,22.6173,2018-01-01,MaterialSample,present,Russula_bicolor_study,GBIF,1
14285,Russula bicolor,58.51,26.4808,2017-01-01,MaterialSample,present,Russula_bicolor_study,GBIF,30
14488,Russula bicolor,64.8873,26.779,2018-01-01,MaterialSample,present,Russula_bicolor_study,GBIF,161
15052,Russula bicolor,40.78,-76.13,2015-01-01,MaterialSample,present,Russula_bicolor_study,GBIF,1
15086,Russula bicolor,58.4426,22.2913,2016-01-01,MaterialSample,present,Russula_bicolor_study,GBIF,1
15175,Russula bicolor,56.85,59.827,2017-01-01,MaterialSample,present,Russula_bicolor_study,GBIF,14
15179,Russula bicolor,57.8456,24.7112,2015-01-01,MaterialSample,present,Russula_bicolor_study,GBIF,3
15387,Russula bicolor,62.36,30.21,2017-01-01,MaterialSample,present,Russula_bicolor_study,GBIF,17
15531,Russula bicolor,33.5,111.933,2014-01-01,MaterialSample,present,Russula_bicolor_study,GBIF,1
15566,Russula bicolor,55,-2.32,2019-01-01,MaterialSample,present,Russula_bicolor_study,GBIF,3
15689,Russula bicolor,58.4438,25.5078,2016-01-01,MaterialSample,present,Russula_bicolor_study,GBIF,1
15965,Russula bicolor,46.5937,6.1165,2018-01-01,MaterialSample,present,Russula_bicolor_study,GBIF,6
15972,Russula bicolor,52.707,7.477,2018-01-01,MaterialSample,present,Russula_bicolor_study,GBIF,5
15999,Russula bicolor,49.0976,13.4087,2016-01-01,MaterialSample,present,Russula_bicolor_study,GBIF,1
16095,Russula bicolor,55.6671,9.54547,2014-01-01,MaterialSample,present,Russula_bicolor_study,GBIF,2
16227,Russula bicolor,48.4776,-79.0263,2017-01-01,MaterialSample,present,Russula_bicolor_study,GBIF,17
16545,Russula bicolor,56.801,59.425,2017-01-01,MaterialSample,present,Russula_bicolor_study,GBIF,113
16597,Russula bicolor,61.4,24.48,2014-01-01,MaterialSample,present,Russula_bicolor_study,GBIF,7
16725,Russula bicolor,47.4212,-78.9556,2017-01-01,MaterialSample,present,Russula_bicolor_study,GBIF,4
16891,Russula bicolor,58.2578,27.2674,2017-01-01,MaterialSample,present,Russula_bicolor_study,GBIF,93
17085,Russula bicolor,52.71,23.62,2017-01-01,MaterialSample,present,Russula_bicolor_study,GBIF,1
17102,Russula bicolor,55.689,9.86962,2014-01-01,MaterialSample,present,Russula_bicolor_study,GBIF,1
17151,Russula bicolor,16.9333,112.333,2014-01-01,MaterialSample,present,Russula_bicolor_study,GBIF,3
17725,Russula bicolor,58.7884,22.4725,2015-01-01,MaterialSample,present,Russula_bicolor_study,GBIF,56
17762,Russula bicolor,58.0236,24.6432,2016-01-01,MaterialSample,present,Russula_bicolor_study,GBIF,5
17805,Russula bicolor,58.2765,27.3104,2011-01-01,MaterialSample,present,Russula_bicolor_study,GBIF,1
17846,Russula bicolor,58.4621,26.8192,2017-01-01,MaterialSample,present,Russula_bicolor_study,GBIF,4
17869,Russula bicolor,58.6589,25.2588,2015-01-01,MaterialSample,present,Russula_bicolor_study,GBIF,3
18045,Russula bicolor,57.2197,13.9279,2018-01-01,MaterialSample,present,Russula_bicolor_study,GBIF,1
18239,Russula bicolor,58.5222,26.964,2016-01-01,MaterialSample,present,Russula_bicolor_study,GBIF,2
18316,Russula bicolor,52.3413,5.9104,2018-01-01,MaterialSample,present,Russula_bicolor_study,GBIF,5262
18479,Russula bicolor,55.0113,8.95903,2014-01-01,MaterialSample,present,Russula_bicolor_study,GBIF,7
18481,Russula bicolor,52.76,23.66,2017-01-01,MaterialSample,present,Russula_bicolor_study,GBIF,193
18516,Russula bicolor,58.2847,27.2844,2020-01-01,MaterialSample,present,Russula_bicolor_study,GBIF,1
18529,Russula bicolor,56.2071,10.5233,2014-01-01,MaterialSample,present,Russula_bicolor_study,GBIF,4
18726,Russula bicolor,57.9553,26.0658,2017-01-01,MaterialSample,present,Russula_bicolor_study,GBIF,1
18768,Russula bicolor,55.0243,12.2995,2014-01-01,MaterialSample,present,Russula_bicolor_study,GBIF,1
18880,Russula bicolor,49.1196,13.2651,2015-01-01,MaterialSample,present,Russula_bicolor_study,GBIF,1
18904,Russula bicolor,55.0113,8.95903,2014-01-01,MaterialSample,present,Russula_bicolor_study,GBIF,3
19204,Russula bicolor,52.8291,10.316,2017-01-01,MaterialSample,present,Russula_bicolor_study,GBIF,135
19264,Russula bicolor,16.9588,112.335,2014-01-01,MaterialSample,present,Russula_bicolor_study,GBIF,14
19559,Russula bicolor,58.9719,26.9422,2015-01-01,MaterialSample,present,Russula_bicolor_study,GBIF,2
19743,Russula bicolor,53.1366,10.799,2017-01-01,MaterialSample,present,Russula_bicolor_study,GBIF,220
19804,Russula bicolor,53.124,-2.20868,2011-01-01,MaterialSample,present,Russula_bicolor_study,GBIF,7
19832,Russula bicolor,56.801,59.425,2017-01-01,MaterialSample,present,Russula_bicolor_study,GBIF,104
20044,Russula bicolor,56.848,59.863,2017-01-01,MaterialSample,present,Russula_bicolor_study,GBIF,1
20411,Russula bicolor,52.6095,9.27275,2017-01-01,MaterialSample,present,Russula_bicolor_study,GBIF,1
20547,Russula bicolor,42.53,-72.19,2012-01-01,MaterialSample,present,Russula_bicolor_study,GBIF,1
20759,Russula bicolor,48.2341,-78.5832,2017-01-01,MaterialSample,present,Russula_bicolor_study,GBIF,8
20776,Russula bicolor,50.9425,121.496,2017-01-01,MaterialSample,present,Russula_bicolor_study,GBIF,3
20781,Russula bicolor,58.2584,27.2695,2017-01-01,MaterialSample,present,Russula_bicolor_study,GBIF,9
20791,Russula bicolor,58.2635,27.3064,2011-01-01,MaterialSample,present,Russula_bicolor_study,GBIF,17
20813,Russula bicolor,56.0971,10.5141,2014-01-01,MaterialSample,present,Russula_bicolor_study,GBIF,3
21484,Russula bicolor,55.1208,10.3171,2014-01-01,MaterialSample,present,Russula_bicolor_study,GBIF,100
21594,Russula bicolor,57.6942,27.3777,2012-01-01,MaterialSample,present,Russula_bicolor_study,GBIF,1
21609,Russula bicolor,59.0775,26.7614,2016-01-01,MaterialSample,present,Russula_bicolor_study,GBIF,16
21618,Russula bicolor,58.4177,26.5576,2017-01-01,MaterialSample,present,Russula_bicolor_study,GBIF,1
21619,Russula bicolor,58.4554,25.8304,2015-01-01,MaterialSample,present,Russula_bicolor_study,GBIF,1
21783,Russula bicolor,48.2241,-78.4825,2017-01-01,MaterialSample,present,Russula_bicolor_study,GBIF,2
21784,Russula bicolor,48.3605,-79.1263,2017-01-01,MaterialSample,present,Russula_bicolor_study,GBIF,1
22067,Russula bicolor,55.0399,12.2702,2014-01-01,MaterialSample,present,Russula_bicolor_study,GBIF,3
22265,Russula bicolor,52.6424,9.29928,2017-01-01,MaterialSample,present,Russula_bicolor_study,GBIF,107
22565,Russula bicolor,55,-2.32,2019-01-01,MaterialSample,present,Russula_bicolor_study,GBIF,9
22691,Russula bicolor,47.5525,-72.9682,2017-01-01,MaterialSample,present,Russula_bicolor_study,GBIF,3
23085,Russula bicolor,52.3413,5.9104,2018-01-01,MaterialSample,present,Russula_bicolor_study,GBIF,252
23167,Russula bicolor,56.848,59.863,2017-01-01,MaterialSample,present,Russula_bicolor_study,GBIF,63
23320,Russula bicolor,56.85,59.827,2017-01-01,MaterialSample,present,Russula_bicolor_study,GBIF,48
23484,Russula bicolor,46.03,8.83,2012-01-01,MaterialSample,present,Russula_bicolor_study,GBIF,53
23495,Russula bicolor,50.48,6.15,2019-01-01,MaterialSample,present,Russula_bicolor_study,GBIF,925
24298,Russula bicolor,53.1,9.829,2018-01-01,MaterialSample,present,Russula_bicolor_study,GBIF,1
24331,Russula bicolor,52.3413,5.9104,2018-01-01,MaterialSample,present,Russula_bicolor_study,GBIF,9669
24659,Russula bicolor,47.8983,-78.8358,2017-01-01,MaterialSample,present,Russula_bicolor_study,GBIF,2
24761,Russula bicolor,48.7766,13.8552,2011-01-01,MaterialSample,present,Russula_bicolor_study,GBIF,2
24808,Russula bicolor,52.9,23.65,2017-01-01,MaterialSample,present,Russula_bicolor_study,GBIF,6
24837,Russula bicolor,56.2071,10.5233,2014-01-01,MaterialSample,present,Russula_bicolor_study,GBIF,9
24967,Russula bicolor,58.2046,26.7389,2016-01-01,MaterialSample,present,Russula_bicolor_study,GBIF,2
25073,Russula bicolor,56.801,59.425,2017-01-01,MaterialSample,present,Russula_bicolor_study,GBIF,318
25284,Russula bicolor,47.4064,-72.8546,2017-01-01,MaterialSample,present,Russula_bicolor_study,GBIF,1
25292,Russula bicolor,56.801,59.425,2017-01-01,MaterialSample,present,Russula_bicolor_study,GBIF,55
25517,Russula bicolor,56.801,59.425,2017-01-01,MaterialSample,present,Russula_bicolor_study,GBIF,10
25667,Russula bicolor,56.2453,8.49395,2014-01-01,MaterialSample,present,Russula_bicolor_study,GBIF,4
25942,Russula bicolor,43.6042,16.4954,2018-01-01,MaterialSample,present,Russula_bicolor_study,GBIF,10
26171,Russula bicolor,16.9588,112.335,2014-01-01,MaterialSample,present,Russula_bicolor_study,GBIF,5
26715,Russula bicolor,58.2729,27.3312,2011-01-01,MaterialSample,present,Russula_bicolor_study,GBIF,6
26818,Russula bicolor,51.0175,5.5771,2018-01-01,MaterialSample,present,Russula_bicolor_study,GBIF,1
27017,Russula bicolor,57.5944,26.2998,2015-01-01,MaterialSample,present,Russula_bicolor_study,GBIF,1
27133,Russula bicolor,59.5498,24.8088,2015-01-01,MaterialSample,present,Russula_bicolor_study,GBIF,4
27238,Russula bicolor,57.6282,10.3637,2014-01-01,MaterialSample,present,Russula_bicolor_study,GBIF,2
27308,Russula bicolor,47.5694,-79.2497,2017-01-01,MaterialSample,present,Russula_bicolor_study,GBIF,1
27484,Russula bicolor,56.801,59.425,2017-01-01,MaterialSample,present,Russula_bicolor_study,GBIF,1
27610,Russula bicolor,58.289,27.3107,2011-01-01,MaterialSample,present,Russula_bicolor_study,GBIF,23
27739,Russula bicolor,56.2243,10.5626,2014-01-01,MaterialSample,present,Russula_bicolor_study,GBIF,157
27998,Russula bicolor,61.1032,25.7946,2019-01-01,MaterialSample,present,Russula_bicolor_study,GBIF,1
28267,Russula bicolor,51.7421,9.69203,2017-01-01,MaterialSample,present,Russula_bicolor_study,GBIF,1
28394,Russula bicolor,62.33,30.37,2017-01-01,MaterialSample,present,Russula_bicolor_study,GBIF,40
28517,Russula bicolor,56.801,59.425,2017-01-01,MaterialSample,present,Russula_bicolor_study,GBIF,635
28536,Russula bicolor,56.2243,10.5626,2014-01-01,MaterialSample,present,Russula_bicolor_study,GBIF,66
28543,Russula bicolor,50.48,6.15,2019-01-01,MaterialSample,present,Russula_bicolor_study,GBIF,51
28552,Russula bicolor,57.0543,8.92999,2014-01-01,MaterialSample,present,Russula_bicolor_study,GBIF,165
28589,Russula bicolor,61.5108,6.29833,2016-01-01,MaterialSample,present,Russula_bicolor_study,GBIF,1
28719,Russula bicolor,57.9504,27.3688,2013-01-01,MaterialSample,present,Russula_bicolor_study,GBIF,13
28750,Russula bicolor,58.3492,25.5371,2015-01-01,MaterialSample,present,Russula_bicolor_study,GBIF,4
29178,Russula bicolor,58.25,27.31,2012-01-01,MaterialSample,present,Russula_bicolor_study,GBIF,1
29277,Russula bicolor,46.6435,-72.6605,2017-01-01,MaterialSample,present,Russula_bicolor_study,GBIF,52
29341,Russula bicolor,55.0113,8.95903,2014-01-01,MaterialSample,present,Russula_bicolor_study,GBIF,9
29482,Russula bicolor,57.543,26.9449,2016-01-01,MaterialSample,present,Russula_bicolor_study,GBIF,67
29662,Russula bicolor,55.0178,8.98455,2014-01-01,MaterialSample,present,Russula_bicolor_study,GBIF,192
30098,Russula bicolor,62.2043,25.6093,2019-01-01,MaterialSample,present,Russula_bicolor_study,GBIF,21
30099,Russula bicolor,47.5629,-79.1779,2017-01-01,MaterialSample,present,Russula_bicolor_study,GBIF,6
30100,Russula bicolor,58.4177,26.5576,2017-01-01,MaterialSample,present,Russula_bicolor_study,GBIF,11
30221,Russula bicolor,58.256,27.2933,2017-01-01,MaterialSample,present,Russula_bicolor_study,GBIF,1
30244,Russula bicolor,16.8333,112.333,2014-01-01,MaterialSample,present,Russula_bicolor_study,GBIF,1
30270,Russula bicolor,46.5823,6.094,2018-01-01,MaterialSample,present,Russula_bicolor_study,GBIF,1
30582,Russula bicolor,62.67,29.58,2017-01-01,MaterialSample,present,Russula_bicolor_study,GBIF,103
30587,Russula bicolor,53.1366,10.799,2017-01-01,MaterialSample,present,Russula_bicolor_study,GBIF,1
30593,Russula bicolor,56.7009,13.110900000000001,2014-01-01,MaterialSample,present,Russula_bicolor_study,GBIF,14
30745,Russula bicolor,61.85,24.29,2018-01-01,MaterialSample,present,Russula_bicolor_study,GBIF,5
30853,Russula bicolor,52.89,23.6,2017-01-01,MaterialSample,present,Russula_bicolor_study,GBIF,50
30966,Russula bicolor,52.3413,5.9104,2018-01-01,MaterialSample,present,Russula_bicolor_study,GBIF,130
30996,Russula bicolor,47.1833,128.896,2014-01-01,MaterialSample,present,Russula_bicolor_study,GBIF,11
31158,Russula bicolor,52.25,5.63,2014-01-01,MaterialSample,present,Russula_bicolor_study,GBIF,4
31301,Russula bicolor,35.943600000000004,138.803,2014-01-01,MaterialSample,present,Russula_bicolor_study,GBIF,2
31331,Russula bicolor,58.2764,27.3243,2011-01-01,MaterialSample,present,Russula_bicolor_study,GBIF,1
31343,Russula bicolor,46.6221,-72.641,2017-01-01,MaterialSample,present,Russula_bicolor_study,GBIF,1
31388,Russula bicolor,55.0153,8.97403,2014-01-01,MaterialSample,present,Russula_bicolor_study,GBIF,1
31395,Russula bicolor,55.0153,8.97403,2014-01-01,MaterialSample,present,Russula_bicolor_study,GBIF,2
31462,Russula bicolor,35.9581,138.8,2014-01-01,MaterialSample,present,Russula_bicolor_study,GBIF,1
31504,Russula bicolor,59.6248,15.2031,2008-01-01,MaterialSample,present,Russula_bicolor_study,GBIF,19
31657,Russula bicolor,56.2243,10.5626,2014-01-01,MaterialSample,present,Russula_bicolor_study,GBIF,66
31881,Russula bicolor,55.2071,8.951,2014-01-01,MaterialSample,present,Russula_bicolor_study,GBIF,6
31921,Russula bicolor,56.7009,13.110900000000001,2014-01-01,MaterialSample,present,Russula_bicolor_study,GBIF,4
31945,Russula bicolor,56.7009,13.110900000000001,2014-01-01,MaterialSample,present,Russula_bicolor_study,GBIF,68
32351,Russula bicolor,48.9894,-57.7869,2012-01-01,MaterialSample,present,Russula_bicolor_study,GBIF,1
32407,Russula bicolor,53.06,13.89,2017-01-01,MaterialSample,present,Russula_bicolor_study,GBIF,57
32416,Russula bicolor,58.999,23.252,2016-01-01,MaterialSample,present,Russula_bicolor_study,GBIF,40
32420,Russula bicolor,58.2788,27.3237,2017-01-01,MaterialSample,present,Russula_bicolor_study,GBIF,1
32421,Russula bicolor,59.2551,27.5777,2016-01-01,MaterialSample,present,Russula_bicolor_study,GBIF,6
32425,Russula bicolor,58.5894,26.8709,2017-01-01,MaterialSample,present,Russula_bicolor_study,GBIF,10
32427,Russula bicolor,58.999,23.252,2016-01-01,MaterialSample,present,Russula_bicolor_study,GBIF,10
32429,Russula bicolor,59.3054,26.1371,2016-01-01,MaterialSample,present,Russula_bicolor_study,GBIF,5
32438,Russula bicolor,58.5262,26.7138,2016-01-01,MaterialSample,present,Russula_bicolor_study,GBIF,1
32445,Russula bicolor,57.9081,26.2739,2016-01-01,MaterialSample,present,Russula_bicolor_study,GBIF,1
32449,Russula bicolor,59.4005,24.2579,2015-01-01,MaterialSample,present,Russula_bicolor_study,GBIF,4
32463,Russula bicolor,59.3054,26.1371,2016-01-01,MaterialSample,present,Russula_bicolor_study,GBIF,4
32466,Russula bicolor,58.0458,24.7119,2011-01-01,MaterialSample,present,Russula_bicolor_study,GBIF,4
32469,Russula bicolor,58.2064,25.4576,2015-01-01,MaterialSample,present,Russula_bicolor_study,GBIF,1
32477,Russula bicolor,58.6476,23.664,2017-01-01,MaterialSample,present,Russula_bicolor_study,GBIF,5
32480,Russula bicolor,58.4034,26.6563,2016-01-01,MaterialSample,present,Russula_bicolor_study,GBIF,1
32481,Russula bicolor,58.4586,25.8388,2015-01-01,MaterialSample,present,Russula_bicolor_study,GBIF,6
32487,Russula bicolor,58.405,26.6412,2016-01-01,MaterialSample,present,Russula_bicolor_study,GBIF,4
32580,Russula bicolor,57.7485,13.238,2018-01-01,MaterialSample,present,Russula_bicolor_study,GBIF,2
32694,Russula bicolor,57.5838,27.214,2015-01-01,MaterialSample,present,Russula_bicolor_study,GBIF,13
33046,Russula bicolor,52.3413,5.9104,2018-01-01,MaterialSample,present,Russula_bicolor_study,GBIF,18
33092,Russula bicolor,58.6008,26.9804,2017-01-01,MaterialSample,present,Russula_bicolor_study,GBIF,2
33442,Russula bicolor,42.53,-72.19,2012-01-01,MaterialSample,present,Russula_bicolor_study,GBIF,48
33800,Russula bicolor,58.3798,24.0588,2015-01-01,MaterialSample,present,Russula_bicolor_study,GBIF,1
33878,Russula bicolor,16.9588,112.335,2014-01-01,MaterialSample,present,Russula_bicolor_study,GBIF,6
33903,Russula bicolor,58.2633,27.3116,2011-01-01,MaterialSample,present,Russula_bicolor_study,GBIF,4
34181,Russula bicolor,46.03,8.83,2014-01-01,MaterialSample,present,Russula_bicolor_study,GBIF,4
34184,Russula bicolor,57.5966,10.2409,2014-01-01,MaterialSample,present,Russula_bicolor_study,GBIF,1
34648,Russula bicolor,58.25,27.31,2012-01-01,MaterialSample,present,Russula_bicolor_study,GBIF,1
34656,Russula bicolor,61.7,21.7,2011-01-01,MaterialSample,present,Russula_bicolor_study,GBIF,1
34658,Russula bicolor,58.2742,27.3241,2011-01-01,MaterialSample,present,Russula_bicolor_study,GBIF,1
34671,Russula bicolor,56.801,59.425,2017-01-01,MaterialSample,present,Russula_bicolor_study,GBIF,339
34884,Russula bicolor,57.1251,21.6876,2018-01-01,MaterialSample,present,Russula_bicolor_study,GBIF,2
34972,Russula bicolor,55.1208,10.3171,2014-01-01,MaterialSample,present,Russula_bicolor_study,GBIF,90
34993,Russula bicolor,51,5.43,2019-01-01,MaterialSample,present,Russula_bicolor_study,GBIF,5
35012,Russula bicolor,58.5894,26.8709,2017-01-01,MaterialSample,present,Russula_bicolor_study,GBIF,48
35126,Russula bicolor,58.2243,26.2788,2017-01-01,MaterialSample,present,Russula_bicolor_study,GBIF,77
35253,Russula bicolor,50.22,5.68,2019-01-01,MaterialSample,present,Russula_bicolor_study,GBIF,1
35362,Russula bicolor,52.6398,9.29817,2017-01-01,MaterialSample,present,Russula_bicolor_study,GBIF,30
35415,Russula bicolor,60.9598,14.9541,2018-01-01,MaterialSample,present,Russula_bicolor_study,GBIF,3
35450,Russula bicolor,56.57,13.7,2019-01-01,MaterialSample,present,Russula_bicolor_study,GBIF,1
35804,Russula bicolor,46.3201,-73.1157,2017-01-01,MaterialSample,present,Russula_bicolor_study,GBIF,8
35823,Russula bicolor,57.9979,26.6219,2017-01-01,MaterialSample,present,Russula_bicolor_study,GBIF,9
35888,Russula bicolor,58.5904,23.0826,2015-01-01,MaterialSample,present,Russula_bicolor_study,GBIF,2
36076,Russula bicolor,58.3312,25.514,2016-01-01,MaterialSample,present,Russula_bicolor_study,GBIF,191
36704,Russula bicolor,57.9126,27.3162,2019-01-01,MaterialSample,present,Russula_bicolor_study,GBIF,16
36744,Russula bicolor,47.8927,-78.8547,2017-01-01,MaterialSample,present,Russula_bicolor_study,GBIF,1
36966,Russula bicolor,58.2835,27.3422,2017-01-01,MaterialSample,present,Russula_bicolor_study,GBIF,40
36969,Russula bicolor,61.8,21.7,2011-01-01,MaterialSample,present,Russula_bicolor_study,GBIF,1
37187,Russula bicolor,57.1446,8.95119,2014-01-01,MaterialSample,present,Russula_bicolor_study,GBIF,1
37195,Russula bicolor,47.9751,-78.9743,2017-01-01,MaterialSample,present,Russula_bicolor_study,GBIF,2
38125,Russula bicolor,60.1344,24.5553,2018-01-01,MaterialSample,present,Russula_bicolor_study,GBIF,1
38370,Russula bicolor,58.2465,27.2721,2017-01-01,MaterialSample,present,Russula_bicolor_study,GBIF,1
38726,Russula bicolor,47.9763,-78.9748,2017-01-01,MaterialSample,present,Russula_bicolor_study,GBIF,1
38727,Russula bicolor,61.506100000000004,6.21278,2016-01-01,MaterialSample,present,Russula_bicolor_study,GBIF,1
38819,Russula bicolor,58.0458,24.7119,2011-01-01,MaterialSample,present,Russula_bicolor_study,GBIF,5
39015,Russula bicolor,60.2245,25.1478,2018-01-01,MaterialSample,present,Russula_bicolor_study,GBIF,1
39092,Russula bicolor,63.0467,24.2989,2018-01-01,MaterialSample,present,Russula_bicolor_study,GBIF,7
39113,Russula bicolor,42.4,128.083,2014-01-01,MaterialSample,present,Russula_bicolor_study,GBIF,1
39115,Russula bicolor,53.1,9.83,2019-01-01,MaterialSample,present,Russula_bicolor_study,GBIF,97
39294,Russula bicolor,48.9194,13.671,2016-01-01,MaterialSample,present,Russula_bicolor_study,GBIF,1
39667,Russula bicolor,58.0921,26.5275,2017-01-01,MaterialSample,present,Russula_bicolor_study,GBIF,70
40414,Russula bicolor,58.3011,26.6752,2016-01-01,MaterialSample,present,Russula_bicolor_study,GBIF,6
40418,Russula bicolor,58.4125,26.6349,2016-01-01,MaterialSample,present,Russula_bicolor_study,GBIF,2
40421,Russula bicolor,49.0172,13.475,2011-01-01,MaterialSample,present,Russula_bicolor_study,GBIF,1
40423,Russula bicolor,58.4872,26.4968,2017-01-01,MaterialSample,present,Russula_bicolor_study,GBIF,1
40429,Russula bicolor,57.0069,-3.4683,2012-01-01,MaterialSample,present,Russula_bicolor_study,GBIF,3
40432,Russula bicolor,58.1886,26.7948,2016-01-01,MaterialSample,present,Russula_bicolor_study,GBIF,1
40436,Russula bicolor,58.0413,26.4007,2017-01-01,MaterialSample,present,Russula_bicolor_study,GBIF,1
40457,Russula bicolor,49.0174,13.4751,2011-01-01,MaterialSample,present,Russula_bicolor_study,GBIF,1
40971,Russula bicolor,62.2731,6.85139,2016-01-01,MaterialSample,present,Russula_bicolor_study,GBIF,1
40993,Russula bicolor,58.4384,26.5697,2017-01-01,MaterialSample,present,Russula_bicolor_study,GBIF,4
41010,Russula bicolor,55.4295,9.4407,2018-01-01,MaterialSample,present,Russula_bicolor_study,GBIF,1
41091,Russula bicolor,56.9375,10.2162,2014-01-01,MaterialSample,present,Russula_bicolor_study,GBIF,88
41104,Russula bicolor,58.3367,26.5597,2019-01-01,MaterialSample,present,Russula_bicolor_study,GBIF,60
41174,Russula bicolor,59.1243,26.3155,2015-01-01,MaterialSample,present,Russula_bicolor_study,GBIF,25
41384,Russula bicolor,61.8,21.7,2011-01-01,MaterialSample,present,Russula_bicolor_study,GBIF,1
41549,Russula bicolor,47.5657,-78.5881,2017-01-01,MaterialSample,present,Russula_bicolor_study,GBIF,32
41711,Russula bicolor,53.1239,-2.2086,2012-01-01,MaterialSample,present,Russula_bicolor_study,GBIF,2
41918,Russula bicolor,16.8333,112.333,2014-01-01,MaterialSample,present,Russula_bicolor_study,GBIF,1
42054,Russula bicolor,46.7648,6.2538,2018-01-01,MaterialSample,present,Russula_bicolor_study,GBIF,86
42154,Russula bicolor,63.02,29.79,2017-01-01,MaterialSample,present,Russula_bicolor_study,GBIF,18
42158,Russula bicolor,62.2731,6.85139,2016-01-01,MaterialSample,present,Russula_bicolor_study,GBIF,3
42206,Russula bicolor,59.3207,25.4321,2016-01-01,MaterialSample,present,Russula_bicolor_study,GBIF,13
42251,Russula bicolor,52.3413,5.9104,2018-01-01,MaterialSample,present,Russula_bicolor_study,GBIF,6
42271,Russula bicolor,44.45,3.61,2019-01-01,MaterialSample,present,Russula_bicolor_study,GBIF,1
42433,Russula bicolor,58.1897,26.3015,2017-01-01,MaterialSample,present,Russula_bicolor_study,GBIF,1
42613,Russula bicolor,58.9769,22.8645,2015-01-01,MaterialSample,present,Russula_bicolor_study,GBIF,1
42636,Russula bicolor,48.8975,13.6586,2016-01-01,MaterialSample,present,Russula_bicolor_study,GBIF,3
42689,Russula bicolor,57.7111,26.8111,2017-01-01,MaterialSample,present,Russula_bicolor_study,GBIF,1
42893,Russula bicolor,62.1505,6.20056,2016-01-01,MaterialSample,present,Russula_bicolor_study,GBIF,16
42894,Russula bicolor,61.5108,6.29833,2016-01-01,MaterialSample,present,Russula_bicolor_study,GBIF,3
42987,Russula bicolor,58.115,26.4131,2017-01-01,MaterialSample,present,Russula_bicolor_study,GBIF,31
43031,Russula bicolor,46.5823,6.094,2018-01-01,MaterialSample,present,Russula_bicolor_study,GBIF,69
43059,Russula bicolor,56.7009,13.110900000000001,2014-01-01,MaterialSample,present,Russula_bicolor_study,GBIF,103
43075,Russula bicolor,61.49,29.04,2017-01-01,MaterialSample,present,Russula_bicolor_study,GBIF,20
43171,Russula bicolor,57.9528,27.1235,2016-01-01,MaterialSample,present,Russula_bicolor_study,GBIF,8
43251,Russula bicolor,50.2191,15.6506,2018-01-01,MaterialSample,present,Russula_bicolor_study,GBIF,7
43298,Russula bicolor,52.92,13.76,2017-01-01,MaterialSample,present,Russula_bicolor_study,GBIF,7
43360,Russula bicolor,58.6589,25.2588,2015-01-01,MaterialSample,present,Russula_bicolor_study,GBIF,10
43816,Russula bicolor,58.261,27.3014,2011-01-01,MaterialSample,present,Russula_bicolor_study,GBIF,2
43820,Russula bicolor,57.0543,8.92999,2014-01-01,MaterialSample,present,Russula_bicolor_study,GBIF,55
43822,Russula bicolor,56.7009,13.110900000000001,2014-01-01,MaterialSample,present,Russula_bicolor_study,GBIF,1
43839,Russula bicolor,49.0174,13.4751,2011-01-01,MaterialSample,present,Russula_bicolor_study,GBIF,1
43847,Russula bicolor,58.8999,22.2581,2015-01-01,MaterialSample,present,Russula_bicolor_study,GBIF,63
44022,Russula bicolor,59.1633,25.4289,2015-01-01,MaterialSample,present,Russula_bicolor_study,GBIF,2
44256,Russula bicolor,47.0728,-92.7317,2018-01-01,MaterialSample,present,Russula_bicolor_study,GBIF,6
44268,Russula bicolor,60.1302,10.7541,2010-01-01,MaterialSample,present,Russula_bicolor_study,GBIF,1
44304,Russula bicolor,52.9,13.85,2017-01-01,MaterialSample,present,Russula_bicolor_study,GBIF,6
44322,Russula bicolor,58.2707,27.3264,2017-01-01,MaterialSample,present,Russula_bicolor_study,GBIF,5
44323,Russula bicolor,48.0313,2.11625,2018-01-01,MaterialSample,present,Russula_bicolor_study,GBIF,3
44478,Russula bicolor,57.8607,25.8776,2015-01-01,MaterialSample,present,Russula_bicolor_study,GBIF,35
44484,Russula bicolor,64.2772,25.3078,2018-01-01,MaterialSample,present,Russula_bicolor_study,GBIF,1
44500,Russula bicolor,46.5823,6.094,2018-01-01,MaterialSample,present,Russula_bicolor_study,GBIF,3
44540,Russula bicolor,54.8636,37.57,2018-01-01,MaterialSample,present,Russula_bicolor_study,GBIF,462
44802,Russula bicolor,58.2318,27.3133,2017-01-01,MaterialSample,present,Russula_bicolor_study,GBIF,1
44850,Russula bicolor,51.417,10.485,2019-01-01,MaterialSample,present,Russula_bicolor_study,GBIF,1
44867,Russula bicolor,55.2886,-2.0481,2018-01-01,MaterialSample,present,Russula_bicolor_study,GBIF,10
44991,Russula bicolor,58.0918,27.3816,2017-01-01,MaterialSample,present,Russula_bicolor_study,GBIF,5
44992,Russula bicolor,58.5484,26.9272,2016-01-01,MaterialSample,present,Russula_bicolor_study,GBIF,7
45082,Russula bicolor,58.0703,26.7497,2017-01-01,MaterialSample,present,Russula_bicolor_study,GBIF,2
45628,Russula bicolor,56.3135,8.1287,2014-01-01,MaterialSample,present,Russula_bicolor_study,GBIF,1
45662,Russula bicolor,55.0399,12.2702,2014-01-01,MaterialSample,present,Russula_bicolor_study,GBIF,4
45862,Russula bicolor,58.7663,25.7877,2016-01-01,MaterialSample,present,Russula_bicolor_study,GBIF,7
46272,Russula bicolor,58.0616,24.5425,2015-01-01,MaterialSample,present,Russula_bicolor_study,GBIF,1
46303,Russula bicolor,62.2731,6.85139,2016-01-01,MaterialSample,present,Russula_bicolor_study,GBIF,1
46307,Russula bicolor,58.2693,27.2873,2017-01-01,MaterialSample,present,Russula_bicolor_study,GBIF,3
46466,Russula bicolor,47.894,-78.9777,2017-01-01,MaterialSample,present,Russula_bicolor_study,GBIF,5
46473,Russula bicolor,58.4384,26.5697,2017-01-01,MaterialSample,present,Russula_bicolor_study,GBIF,18
46647,Russula bicolor,46.4791,-72.6692,2017-01-01,MaterialSample,present,Russula_bicolor_study,GBIF,4
46711,Russula bicolor,57.986,26.0706,2017-01-01,MaterialSample,present,Russula_bicolor_study,GBIF,3
46852,Russula bicolor,57.6541,26.4972,2013-01-01,MaterialSample,present,Russula_bicolor_study,GBIF,1
46945,Russula bicolor,58.5904,23.0826,2015-01-01,MaterialSample,present,Russula_bicolor_study,GBIF,1
47341,Russula bicolor,57.0072,-3.4686,2011-01-01,MaterialSample,present,Russula_bicolor_study,GBIF,3
47495,Russula bicolor,57.7201,26.2809,2015-01-01,MaterialSample,present,Russula_bicolor_study,GBIF,1
47571,Russula bicolor,52.707,7.477,2018-01-01,MaterialSample,present,Russula_bicolor_study,GBIF,1
47599,Russula bicolor,54.8744,37.6394,2018-01-01,MaterialSample,present,Russula_bicolor_study,GBIF,9
47600,Russula bicolor,61.7,21.7,2011-01-01,MaterialSample,present,Russula_bicolor_study,GBIF,1
47680,Russula bicolor,58.2711,27.3118,2011-01-01,MaterialSample,present,Russula_bicolor_study,GBIF,3
47682,Russula bicolor,57.6387,27.0899,2015-01-01,MaterialSample,present,Russula_bicolor_study,GBIF,1
47710,Russula bicolor,52.707,7.477,2018-01-01,MaterialSample,present,Russula_bicolor_study,GBIF,1
47992,Russula bicolor,55.9999,12.3162,2014-01-01,MaterialSample,present,Russula_bicolor_study,GBIF,132
47996,Russula bicolor,58.262,27.3118,2011-01-01,MaterialSample,present,Russula_bicolor_study,GBIF,4
48042,Russula bicolor,50.9252,121.336,2017-01-01,MaterialSample,present,Russula_bicolor_study,GBIF,1
48167,Russula bicolor,55.1432,8.89773,2014-01-01,MaterialSample,present,Russula_bicolor_study,GBIF,4
48313,Russula bicolor,47.5418,-73.0478,2017-01-01,MaterialSample,present,Russula_bicolor_study,GBIF,2
48350,Russula bicolor,46.7092,-72.6337,2017-01-01,MaterialSample,present,Russula_bicolor_study,GBIF,19
48454,Russula bicolor,58.278,27.3238,2011-01-01,MaterialSample,present,Russula_bicolor_study,GBIF,5
48460,Russula bicolor,58.2716,25.1828,2016-01-01,MaterialSample,present,Russula_bicolor_study,GBIF,4
48463,Russula bicolor,58.2753,27.3348,2011-01-01,MaterialSample,present,Russula_bicolor_study,GBIF,4
48517,Russula bicolor,58.2843,27.335,2011-01-01,MaterialSample,present,Russula_bicolor_study,GBIF,3
48518,Russula bicolor,58.2778,27.321,2011-01-01,MaterialSample,present,Russula_bicolor_study,GBIF,1
48519,Russula bicolor,61.8,21.7,2011-01-01,MaterialSample,present,Russula_bicolor_study,GBIF,3
48524,Russula bicolor,50.22,5.68,2019-01-01,MaterialSample,present,Russula_bicolor_study,GBIF,1
48625,Russula bicolor,57.9109,26.0991,2017-01-01,MaterialSample,present,Russula_bicolor_study,GBIF,2
48677,Russula bicolor,52.6051,9.27083,2017-01-01,MaterialSample,present,Russula_bicolor_study,GBIF,1
48781,Russula bicolor,58.2709,27.3174,2011-01-01,MaterialSample,present,Russula_bicolor_study,GBIF,3
49105,Russula bicolor,59.1243,26.3155,2015-01-01,MaterialSample,present,Russula_bicolor_study,GBIF,7
49188,Russula bicolor,61.5108,6.29833,2016-01-01,MaterialSample,present,Russula_bicolor_study,GBIF,2
49207,Russula bicolor,58.2388,24.6142,2016-01-01,MaterialSample,present,Russula_bicolor_study,GBIF,1
49277,Russula bicolor,58.1108,26.9794,2017-01-01,MaterialSample,present,Russula_bicolor_study,GBIF,3
49433,Russula bicolor,55.9999,12.3162,2014-01-01,MaterialSample,present,Russula_bicolor_study,GBIF,136
49439,Russula bicolor,57.6541,26.4972,2013-01-01,MaterialSample,present,Russula_bicolor_study,GBIF,7
49538,Russula bicolor,57.9785,25.5503,2015-01-01,MaterialSample,present,Russula_bicolor_study,GBIF,1
49541,Russula bicolor,48.8975,13.6586,2016-01-01,MaterialSample,present,Russula_bicolor_study,GBIF,1
49552,Russula bicolor,58.8537,22.5657,2015-01-01,MaterialSample,present,Russula_bicolor_study,GBIF,4
49557,Russula bicolor,52.3914,5.9829,2018-01-01,MaterialSample,present,Russula_bicolor_study,GBIF,53
49558,Russula bicolor,58.2592,27.2979,2011-01-01,MaterialSample,present,Russula_bicolor_study,GBIF,1
49563,Russula bicolor,58.4796,22.9458,2015-01-01,MaterialSample,present,Russula_bicolor_study,GBIF,2
49565,Russula bicolor,61.5108,6.29833,2016-01-01,MaterialSample,present,Russula_bicolor_study,GBIF,38
49578,Russula bicolor,55.1292,10.3689,2014-01-01,MaterialSample,present,Russula_bicolor_study,GBIF,382
49579,Russula bicolor,55.6942,8.19077,2014-01-01,MaterialSample,present,Russula_bicolor_study,GBIF,75
49592,Russula bicolor,61.7,21.7,2011-01-01,MaterialSample,present,Russula_bicolor_study,GBIF,4
49593,Russula bicolor,58.3431,27.1077,2017-01-01,MaterialSample,present,Russula_bicolor_study,GBIF,9
49594,Russula bicolor,48.9895,-57.787,2012-01-01,MaterialSample,present,Russula_bicolor_study,GBIF,1
49602,Russula bicolor,58.2833,27.3248,2011-01-01,MaterialSample,present,Russula_bicolor_study,GBIF,1
49603,Russula bicolor,61.49,29.04,2017-01-01,MaterialSample,present,Russula_bicolor_study,GBIF,92
49605,Russula bicolor,58.2621,27.3179,2011-01-01,MaterialSample,present,Russula_bicolor_study,GBIF,6
49606,Russula bicolor,58.2752,27.3235,2011-01-01,MaterialSample,present,Russula_bicolor_study,GBIF,4
49615,Russula bicolor,61.506100000000004,6.21278,2016-01-01,MaterialSample,present,Russula_bicolor_study,GBIF,3
49617,Russula bicolor,58.2622,27.288,2017-01-01,MaterialSample,present,Russula_bicolor_study,GBIF,1
49619,Russula bicolor,61.7,21.7,2011-01-01,MaterialSample,present,Russula_bicolor_study,GBIF,36
49620,Russula bicolor,61.7,21.7,2011-01-01,MaterialSample,present,Russula_bicolor_study,GBIF,7
49627,Russula bicolor,53.1314,10.7975,2017-01-01,MaterialSample,present,Russula_bicolor_study,GBIF,621
49650,Russula bicolor,58.2787,27.3262,2011-01-01,MaterialSample,present,Russula_bicolor_study,GBIF,4
49651,Russula bicolor,58.2833,27.3248,2011-01-01,MaterialSample,present,Russula_bicolor_study,GBIF,13
49652,Russula bicolor,61.7,21.7,2011-01-01,MaterialSample,present,Russula_bicolor_study,GBIF,3
49654,Russula bicolor,57.0543,8.92999,2014-01-01,MaterialSample,present,Russula_bicolor_study,GBIF,30
49665,Russula bicolor,58.0616,24.5425,2015-01-01,MaterialSample,present,Russula_bicolor_study,GBIF,15
49669,Russula bicolor,58.116,27.0333,2012-01-01,MaterialSample,present,Russula_bicolor_study,GBIF,4
49671,Russula bicolor,61.7,21.7,2011-01-01,MaterialSample,present,Russula_bicolor_study,GBIF,6
49692,Russula bicolor,58.2771,27.3247,2011-01-01,MaterialSample,present,Russula_bicolor_study,GBIF,17
49991,Russula bicolor,46.03,8.83,2014-01-01,MaterialSample,present,Russula_bicolor_study,GBIF,3
50010,Russula bicolor,57.543,26.9449,2016-01-01,MaterialSample,present,Russula_bicolor_study,GBIF,13
50116,Russula bicolor,56.0467,12.3308,2014-01-01,MaterialSample,present,Russula_bicolor_study,GBIF,1
50118,Russula bicolor,57.288,22.721,2014-01-01,MaterialSample,present,Russula_bicolor_study,GBIF,1
50131,Russula bicolor,57.8414,26.7996,2017-01-01,MaterialSample,present,Russula_bicolor_study,GBIF,5
50140,Russula bicolor,59.2022,24.8887,2015-01-01,MaterialSample,present,Russula_bicolor_study,GBIF,1
50226,Russula bicolor,57.9389,26.8883,2017-01-01,MaterialSample,present,Russula_bicolor_study,GBIF,7
50235,Russula bicolor,58.0412,26.3879,2017-01-01,MaterialSample,present,Russula_bicolor_study,GBIF,11
50256,Russula bicolor,58.1444,25.2628,2016-01-01,MaterialSample,present,Russula_bicolor_study,GBIF,2
50304,Russula bicolor,57.9386,27.3643,2013-01-01,MaterialSample,present,Russula_bicolor_study,GBIF,1
50339,Russula bicolor,56.9997,23.4256,2019-01-01,MaterialSample,present,Russula_bicolor_study,GBIF,1
50366,Russula bicolor,58.2528,27.2871,2017-01-01,MaterialSample,present,Russula_bicolor_study,GBIF,4
50426,Russula bicolor,58.261,27.3014,2011-01-01,MaterialSample,present,Russula_bicolor_study,GBIF,1
50485,Russula bicolor,58.7484,26.6605,2017-01-01,MaterialSample,present,Russula_bicolor_study,GBIF,6
50490,Russula bicolor,58.6937,25.9465,2015-01-01,MaterialSample,present,Russula_bicolor_study,GBIF,2
50495,Russula bicolor,58.3367,26.5597,2019-01-01,MaterialSample,present,Russula_bicolor_study,GBIF,5
50532,Russula bicolor,58.9153,25.1796,2015-01-01,MaterialSample,present,Russula_bicolor_study,GBIF,1
50603,Russula bicolor,57.9869,25.5609,2015-01-01,MaterialSample,present,Russula_bicolor_study,GBIF,1
50806,Russula bicolor,62.2731,6.85139,2016-01-01,MaterialSample,present,Russula_bicolor_study,GBIF,1
50844,Russula bicolor,52.9,13.85,2017-01-01,MaterialSample,present,Russula_bicolor_study,GBIF,5
50969,Russula bicolor,58.9207,22.3319,2015-01-01,MaterialSample,present,Russula_bicolor_study,GBIF,24
51052,Russula bicolor,58.2778,27.321,2011-01-01,MaterialSample,present,Russula_bicolor_study,GBIF,1
51461,Russula bicolor,60.2912,17.0998,2018-01-01,MaterialSample,present,Russula_bicolor_study,GBIF,56
51672,Russula bicolor,58.6967,26.3295,2017-01-01,MaterialSample,present,Russula_bicolor_study,GBIF,1
51680,Russula bicolor,60.1025,17.52,2012-01-01,MaterialSample,present,Russula_bicolor_study,GBIF,10
51813,Russula bicolor,48.128,-79.0371,2017-01-01,MaterialSample,present,Russula_bicolor_study,GBIF,1
51866,Russula bicolor,58.2855,27.3602,2011-01-01,MaterialSample,present,Russula_bicolor_study,GBIF,4
51878,Russula bicolor,58.276,27.3377,2011-01-01,MaterialSample,present,Russula_bicolor_study,GBIF,2
52080,Russula bicolor,49.55,3.51,2019-01-01,MaterialSample,present,Russula_bicolor_study,GBIF,1
52228,Russula bicolor,55.1292,10.3689,2014-01-01,MaterialSample,present,Russula_bicolor_study,GBIF,289
53596,Russula bicolor,62.2731,6.85139,2016-01-01,MaterialSample,present,Russula_bicolor_study,GBIF,5
53599,Russula bicolor,56.7009,13.110900000000001,2014-01-01,MaterialSample,present,Russula_bicolor_study,GBIF,2
53826,Russula bicolor,64.4495,27.8814,2018-01-01,MaterialSample,present,Russula_bicolor_study,GBIF,1
53833,Russula bicolor,58.928,23.4876,2016-01-01,MaterialSample,present,Russula_bicolor_study,GBIF,20
53888,Russula bicolor,52.3413,5.9104,2018-01-01,MaterialSample,present,Russula_bicolor_study,GBIF,14
53916,Russula bicolor,51.1749,21.9149,2018-01-01,MaterialSample,present,Russula_bicolor_study,GBIF,36
54094,Russula bicolor,58.2635,27.3064,2011-01-01,MaterialSample,present,Russula_bicolor_study,GBIF,1
54114,Russula bicolor,51.329,10.53,2019-01-01,MaterialSample,present,Russula_bicolor_study,GBIF,1
54192,Russula bicolor,52.3413,5.9104,2018-01-01,MaterialSample,present,Russula_bicolor_study,GBIF,1
54248,Russula bicolor,47.2409,14.239,2018-01-01,MaterialSample,present,Russula_bicolor_study,GBIF,2
54288,Russula bicolor,55.0153,8.97403,2014-01-01,MaterialSample,present,Russula_bicolor_study,GBIF,3
54913,Russula bicolor,55.4295,9.4407,2018-01-01,MaterialSample,present,Russula_bicolor_study,GBIF,1
55056,Russula bicolor,69.5509,18.475,2013-01-01,MaterialSample,present,Russula_bicolor_study,GBIF,2
55069,Russula bicolor,57.9848,26.8149,2017-01-01,MaterialSample,present,Russula_bicolor_study,GBIF,1
55094,Russula bicolor,55,-2.32,2019-01-01,MaterialSample,present,Russula_bicolor_study,GBIF,7
55299,Russula bicolor,46.5823,6.094,2018-01-01,MaterialSample,present,Russula_bicolor_study,GBIF,3
55574,Russula bicolor,58.2984,27.3023,2017-01-01,MaterialSample,present,Russula_bicolor_study,GBIF,21
55581,Russula bicolor,51,5.43,2019-01-01,MaterialSample,present,Russula_bicolor_study,GBIF,183
55583,Russula bicolor,62.1505,6.20056,2016-01-01,MaterialSample,present,Russula_bicolor_study,GBIF,1
55646,Russula bicolor,58.0895,26.4533,2017-01-01,MaterialSample,present,Russula_bicolor_study,GBIF,3
55694,Russula bicolor,55.135,10.3688,2014-01-01,MaterialSample,present,Russula_bicolor_study,GBIF,1
55917,Russula bicolor,58.6476,23.664,2018-01-01,MaterialSample,present,Russula_bicolor_study,GBIF,4
56016,Russula bicolor,58.9143,22.6747,2015-01-01,MaterialSample,present,Russula_bicolor_study,GBIF,9
56020,Russula bicolor,55.0178,8.98455,2014-01-01,MaterialSample,present,Russula_bicolor_study,GBIF,95
56107,Russula bicolor,42.53,-72.19,2012-01-01,MaterialSample,present,Russula_bicolor_study,GBIF,2
56179,Russula bicolor,58.2893,26.9472,2015-01-01,MaterialSample,present,Russula_bicolor_study,GBIF,2
56212,Russula bicolor,55.4295,9.4407,2018-01-01,MaterialSample,present,Russula_bicolor_study,GBIF,2
56480,Russula bicolor,58.5943,27.1426,2016-01-01,MaterialSample,present,Russula_bicolor_study,GBIF,1
56651,Russula bicolor,58.8231,23.8316,2015-01-01,MaterialSample,present,Russula_bicolor_study,GBIF,1
56881,Russula bicolor,59.1545,26.8274,2016-01-01,MaterialSample,present,Russula_bicolor_study,GBIF,2
56886,Russula bicolor,57.9212,27.3791,2013-01-01,MaterialSample,present,Russula_bicolor_study,GBIF,2
56906,Russula bicolor,61.5108,6.29833,2016-01-01,MaterialSample,present,Russula_bicolor_study,GBIF,4
56937,Russula bicolor,58.0811,26.3416,2012-01-01,MaterialSample,present,Russula_bicolor_study,GBIF,1
57000,Russula bicolor,58.0697,26.7501,2017-01-01,MaterialSample,present,Russula_bicolor_study,GBIF,2
57137,Russula bicolor,58.289,27.3107,2011-01-01,MaterialSample,present,Russula_bicolor_study,GBIF,2
57244,Russula bicolor,58.3871,23.8388,2015-01-01,MaterialSample,present,Russula_bicolor_study,GBIF,3
57419,Russula bicolor,57.5106,26.6144,2015-01-01,MaterialSample,present,Russula_bicolor_study,GBIF,1
57493,Russula bicolor,62.1505,6.20056,2016-01-01,MaterialSample,present,Russula_bicolor_study,GBIF,1
57501,Russula bicolor,58.116,27.0333,2012-01-01,MaterialSample,present,Russula_bicolor_study,GBIF,1
57583,Russula bicolor,50.2191,15.6506,2018-01-01,MaterialSample,present,Russula_bicolor_study,GBIF,4
57656,Russula bicolor,58.5916,27.0344,2017-01-01,MaterialSample,present,Russula_bicolor_study,GBIF,2
57830,Russula bicolor,61.4015,26.6131,2018-01-01,MaterialSample,present,Russula_bicolor_study,GBIF,18
57864,Russula bicolor,58.262,27.3118,2011-01-01,MaterialSample,present,Russula_bicolor_study,GBIF,1
57917,Russula bicolor,49.0174,13.4751,2011-01-01,MaterialSample,present,Russula_bicolor_study,GBIF,1
58070,Russula bicolor,57.6541,26.4972,2013-01-01,MaterialSample,present,Russula_bicolor_study,GBIF,1
58216,Russula bicolor,57.0776,22.6804,2019-01-01,MaterialSample,present,Russula_bicolor_study,GBIF,4
58243,Russula bicolor,58.269,27.3228,2011-01-01,MaterialSample,present,Russula_bicolor_study,GBIF,2
58302,Russula bicolor,48.9194,13.671,2016-01-01,MaterialSample,present,Russula_bicolor_study,GBIF,50
58388,Russula bicolor,57.929,26.055,2017-01-01,MaterialSample,present,Russula_bicolor_study,GBIF,17
58475,Russula bicolor,58.0319,24.9637,2015-01-01,MaterialSample,present,Russula_bicolor_study,GBIF,5
58497,Russula bicolor,61.5108,6.29833,2016-01-01,MaterialSample,present,Russula_bicolor_study,GBIF,1
58622,Russula bicolor,60.8523,25.0802,2018-01-01,MaterialSample,present,Russula_bicolor_study,GBIF,647
58701,Russula bicolor,58.5433,26.8636,2016-01-01,MaterialSample,present,Russula_bicolor_study,GBIF,10
58827,Russula bicolor,58.0921,26.5275,2017-01-01,MaterialSample,present,Russula_bicolor_study,GBIF,21
58934,Russula bicolor,59.2527,25.6421,2016-01-01,MaterialSample,present,Russula_bicolor_study,GBIF,1
58935,Russula bicolor,57.9126,27.3162,2019-01-01,MaterialSample,present,Russula_bicolor_study,GBIF,8
58939,Russula bicolor,58.7895,26.6929,2017-01-01,MaterialSample,present,Russula_bicolor_study,GBIF,2
58978,Russula bicolor,57.5106,26.6144,2015-01-01,MaterialSample,present,Russula_bicolor_study,GBIF,8
59062,Russula bicolor,57.9528,27.1235,2016-01-01,MaterialSample,present,Russula_bicolor_study,GBIF,10
59063,Russula bicolor,58.5484,26.9272,2016-01-01,MaterialSample,present,Russula_bicolor_study,GBIF,1
59064,Russula bicolor,58.262,27.3118,2011-01-01,MaterialSample,present,Russula_bicolor_study,GBIF,1
59098,Russula bicolor,58.4204,26.5605,2017-01-01,MaterialSample,present,Russula_bicolor_study,GBIF,11
59130,Russula bicolor,56.2453,8.49395,2014-01-01,MaterialSample,present,Russula_bicolor_study,GBIF,11
59251,Russula bicolor,58.9205,27.0112,2015-01-01,MaterialSample,present,Russula_bicolor_study,GBIF,3
59303,Russula bicolor,46.5937,6.1165,2018-01-01,MaterialSample,present,Russula_bicolor_study,GBIF,2
59316,Russula bicolor,57.9785,25.5503,2015-01-01,MaterialSample,present,Russula_bicolor_study,GBIF,1
59348,Russula bicolor,58.7181,22.5169,2015-01-01,MaterialSample,present,Russula_bicolor_study,GBIF,1
59508,Russula bicolor,58.116,27.0333,2012-01-01,MaterialSample,present,Russula_bicolor_study,GBIF,1
59610,Russula bicolor,55.1208,10.3171,2014-01-01,MaterialSample,present,Russula_bicolor_study,GBIF,62
60140,Russula bicolor,54.86,24.05,2020-01-01,MaterialSample,present,Russula_bicolor_study,GBIF,1
60188,Russula bicolor,57.9386,27.3643,2013-01-01,MaterialSample,present,Russula_bicolor_study,GBIF,12
60223,Russula bicolor,55.2071,8.951,2014-01-01,MaterialSample,present,Russula_bicolor_study,GBIF,3
60271,Russula bicolor,58.5445,26.9246,2017-01-01,MaterialSample,present,Russula_bicolor_study,GBIF,9
60468,Russula bicolor,58.2855,27.3602,2011-01-01,MaterialSample,present,Russula_bicolor_study,GBIF,1
60614,Russula bicolor,57.6415,26.4149,2013-01-01,MaterialSample,present,Russula_bicolor_study,GBIF,1
60968,Russula bicolor,57.1446,8.95119,2014-01-01,MaterialSample,present,Russula_bicolor_study,GBIF,2
61114,Russula bicolor,57.2197,13.9279,2018-01-01,MaterialSample,present,Russula_bicolor_study,GBIF,1
61130,Russula bicolor,61.506100000000004,6.21278,2016-01-01,MaterialSample,present,Russula_bicolor_study,GBIF,3
61232,Russula bicolor,58.8999,22.2581,2015-01-01,MaterialSample,present,Russula_bicolor_study,GBIF,10
61239,Russula bicolor,58.3656,26.6269,2011-01-01,MaterialSample,present,Russula_bicolor_study,GBIF,1
61451,Russula bicolor,58.112,26.3986,2017-01-01,MaterialSample,present,Russula_bicolor_study,GBIF,2
61592,Russula bicolor,58.3501,25.6056,2015-01-01,MaterialSample,present,Russula_bicolor_study,GBIF,1
61835,Russula bicolor,58.3367,26.5597,2011-01-01,MaterialSample,present,Russula_bicolor_study,GBIF,17
61876,Russula bicolor,58.0703,26.7497,2017-01-01,MaterialSample,present,Russula_bicolor_study,GBIF,3
61881,Russula bicolor,58.2765,27.3104,2011-01-01,MaterialSample,present,Russula_bicolor_study,GBIF,3
62153,Russula bicolor,59.4798,25.9058,2016-01-01,MaterialSample,present,Russula_bicolor_study,GBIF,1
62215,Russula bicolor,58.0698,26.7465,2017-01-01,MaterialSample,present,Russula_bicolor_study,GBIF,1
62252,Russula bicolor,58.7663,25.7877,2016-01-01,MaterialSample,present,Russula_bicolor_study,GBIF,3
62254,Russula bicolor,59.1545,26.8274,2016-01-01,MaterialSample,present,Russula_bicolor_study,GBIF,2
62302,Russula bicolor,58.6937,24.9678,2015-01-01,MaterialSample,present,Russula_bicolor_study,GBIF,1
62619,Russula bicolor,58.2704,27.3098,2011-01-01,MaterialSample,present,Russula_bicolor_study,GBIF,6
62698,Russula bicolor,55.9999,12.3162,2014-01-01,MaterialSample,present,Russula_bicolor_study,GBIF,35
62780,Russula bicolor,57.9212,27.3791,2013-01-01,MaterialSample,present,Russula_bicolor_study,GBIF,4
62798,Russula bicolor,59.0775,26.7614,2016-01-01,MaterialSample,present,Russula_bicolor_study,GBIF,1
62809,Russula bicolor,58.9207,22.3319,2015-01-01,MaterialSample,present,Russula_bicolor_study,GBIF,4
62810,Russula bicolor,61.8,21.7,2011-01-01,MaterialSample,present,Russula_bicolor_study,GBIF,7
62816,Russula bicolor,59.1842,27.1506,2015-01-01,MaterialSample,present,Russula_bicolor_study,GBIF,8
62822,Russula bicolor,58.3168,25.4996,2015-01-01,MaterialSample,present,Russula_bicolor_study,GBIF,3
62824,Russula bicolor,58.2843,27.335,2011-01-01,MaterialSample,present,Russula_bicolor_study,GBIF,1
62825,Russula bicolor,58.25,27.31,2012-01-01,MaterialSample,present,Russula_bicolor_study,GBIF,1
62840,Russula bicolor,58.3088,26.5011,2017-01-01,MaterialSample,present,Russula_bicolor_study,GBIF,2
62842,Russula bicolor,58.3168,25.4996,2015-01-01,MaterialSample,present,Russula_bicolor_study,GBIF,1
62850,Russula bicolor,58.289,27.3107,2011-01-01,MaterialSample,present,Russula_bicolor_study,GBIF,5
62852,Russula bicolor,58.5756,26.9335,2017-01-01,MaterialSample,present,Russula_bicolor_study,GBIF,1
62853,Russula bicolor,58.7884,22.4725,2015-01-01,MaterialSample,present,Russula_bicolor_study,GBIF,2
62859,Russula bicolor,58.3168,25.4996,2015-01-01,MaterialSample,present,Russula_bicolor_study,GBIF,3
63068,Russula bicolor,56.9375,10.2162,2014-01-01,MaterialSample,present,Russula_bicolor_study,GBIF,15
63178,Russula bicolor,55.6942,8.19077,2014-01-01,MaterialSample,present,Russula_bicolor_study,GBIF,78
63436,Russula bicolor,58.3312,25.514,2016-01-01,MaterialSample,present,Russula_bicolor_study,GBIF,7
63451,Russula bicolor,57.0466,25.0773,2019-01-01,MaterialSample,present,Russula_bicolor_study,GBIF,3
63589,Russula bicolor,59.8756,16.2871,2016-01-01,MaterialSample,present,Russula_bicolor_study,GBIF,2
63651,Russula bicolor,56.004,25.5342,2018-01-01,MaterialSample,present,Russula_bicolor_study,GBIF,28
63802,Russula bicolor,62.2731,6.85139,2016-01-01,MaterialSample,present,Russula_bicolor_study,GBIF,1
63830,Russula bicolor,43.4935,133.578,2010-01-01,MaterialSample,present,Russula_bicolor_study,GBIF,39
64492,Russula bicolor,46.59,6.12,2019-01-01,MaterialSample,present,Russula_bicolor_study,GBIF,70
64893,Russula bicolor,46.5937,6.1165,2018-01-01,MaterialSample,present,Russula_bicolor_study,GBIF,15
65053,Russula bicolor,58.0358,26.7563,2015-01-01,MaterialSample,present,Russula_bicolor_study,GBIF,2
65080,Russula bicolor,57.5838,27.214,2015-01-01,MaterialSample,present,Russula_bicolor_study,GBIF,1
65093,Russula bicolor,61.506100000000004,6.21278,2016-01-01,MaterialSample,present,Russula_bicolor_study,GBIF,2
65094,Russula bicolor,61.7,21.7,2011-01-01,MaterialSample,present,Russula_bicolor_study,GBIF,3
65359,Russula bicolor,58.4624,26.8208,2011-01-01,MaterialSample,present,Russula_bicolor_study,GBIF,3
65409,Russula bicolor,62.2731,6.85139,2016-01-01,MaterialSample,present,Russula_bicolor_study,GBIF,3
65624,Russula bicolor,58.6937,25.9465,2015-01-01,MaterialSample,present,Russula_bicolor_study,GBIF,1
65686,Russula bicolor,57.9212,27.3791,2013-01-01,MaterialSample,present,Russula_bicolor_study,GBIF,2
65710,Russula bicolor,63.2345,26.1015,2018-01-01,MaterialSample,present,Russula_bicolor_study,GBIF,5
65756,Russula bicolor,58.269,27.3228,2011-01-01,MaterialSample,present,Russula_bicolor_study,GBIF,4
65841,Russula bicolor,58.25,27.31,2012-01-01,MaterialSample,present,Russula_bicolor_study,GBIF,9
65881,Russula bicolor,55.2071,8.951,2014-01-01,MaterialSample,present,Russula_bicolor_study,GBIF,11
66429,Russula bicolor,61.306,27.7183,2018-01-01,MaterialSample,present,Russula_bicolor_study,GBIF,7
66505,Russula bicolor,57.8089,27.0492,2016-01-01,MaterialSample,present,Russula_bicolor_study,GBIF,4
66537,Russula bicolor,57.9602,27.2862,2013-01-01,MaterialSample,present,Russula_bicolor_study,GBIF,24
66589,Russula bicolor,59.172,14.4,2016-01-01,MaterialSample,present,Russula_bicolor_study,GBIF,3
66626,Russula bicolor,57.8607,25.8776,2015-01-01,MaterialSample,present,Russula_bicolor_study,GBIF,2
66663,Russula bicolor,58.25,27.31,2012-01-01,MaterialSample,present,Russula_bicolor_study,GBIF,1
66766,Russula bicolor,59.1746,27.799,2015-01-01,MaterialSample,present,Russula_bicolor_study,GBIF,1
66767,Russula bicolor,59.1746,27.799,2015-01-01,MaterialSample,present,Russula_bicolor_study,GBIF,1
66930,Russula bicolor,62.1505,6.20056,2016-01-01,MaterialSample,present,Russula_bicolor_study,GBIF,1
67075,Russula bicolor,61.506100000000004,6.21278,2016-01-01,MaterialSample,present,Russula_bicolor_study,GBIF,2
67080,Russula bicolor,61.5108,6.29833,2016-01-01,MaterialSample,present,Russula_bicolor_study,GBIF,1
67085,Russula bicolor,57.5035,27.1015,2015-01-01,MaterialSample,present,Russula_bicolor_study,GBIF,1
67102,Russula bicolor,62.1505,6.20056,2016-01-01,MaterialSample,present,Russula_bicolor_study,GBIF,1
67158,Russula bicolor,68.756,23.733,2019-01-01,MaterialSample,present,Russula_bicolor_study,GBIF,1
67199,Russula bicolor,57.8332,14.0872,2018-01-01,MaterialSample,present,Russula_bicolor_study,GBIF,1
67242,Russula bicolor,46.5823,6.094,2018-01-01,MaterialSample,present,Russula_bicolor_study,GBIF,2
67630,Russula bicolor,58.0458,24.7119,2011-01-01,MaterialSample,present,Russula_bicolor_study,GBIF,1
67631,Russula bicolor,59.3702,27.5,2015-01-01,MaterialSample,present,Russula_bicolor_study,GBIF,1
68175,Russula bicolor,59.6342,24.9995,2016-01-01,MaterialSample,present,Russula_bicolor_study,GBIF,1
68215,Russula bicolor,66.164,20.2705,2018-01-01,MaterialSample,present,Russula_bicolor_study,GBIF,1
68224,Russula bicolor,56.9375,10.2162,2014-01-01,MaterialSample,present,Russula_bicolor_study,GBIF,10
68389,Russula bicolor,58.0236,24.6432,2016-01-01,MaterialSample,present,Russula_bicolor_study,GBIF,1
68785,Russula bicolor,61.401,25.1133,2018-01-01,MaterialSample,present,Russula_bicolor_study,GBIF,3
69195,Russula bicolor,58.3367,26.5597,2011-01-01,MaterialSample,present,Russula_bicolor_study,GBIF,2
69222,Russula bicolor,59.4005,24.2579,2015-01-01,MaterialSample,present,Russula_bicolor_study,GBIF,4
69401,Russula bicolor,58.5058,26.4834,2016-01-01,MaterialSample,present,Russula_bicolor_study,GBIF,25
69508,Russula bicolor,59.6614,10.845,2009-01-01,MaterialSample,present,Russula_bicolor_study,GBIF,1
69691,Russula bicolor,58.3543,14.3,2016-01-01,MaterialSample,present,Russula_bicolor_study,GBIF,1
70509,Russula bicolor,46.5937,6.1165,2018-01-01,MaterialSample,present,Russula_bicolor_study,GBIF,8
70559,Russula bicolor,62.6,29.9,2012-01-01,MaterialSample,present,Russula_bicolor_study,GBIF,1
70689,Russula bicolor,59.6614,10.845,2009-01-01,MaterialSample,present,Russula_bicolor_study,GBIF,1
70757,Russula bicolor,61.506100000000004,6.21278,2016-01-01,MaterialSample,present,Russula_bicolor_study,GBIF,1
71238,Russula bicolor,58.7365,26.5002,2017-01-01,MaterialSample,present,Russula_bicolor_study,GBIF,4
71610,Russula bicolor,59.1633,25.4289,2015-01-01,MaterialSample,present,Russula_bicolor_study,GBIF,1
71657,Russula bicolor,62.1505,6.20056,2016-01-01,MaterialSample,present,Russula_bicolor_study,GBIF,1
72192,Russula bicolor,58.5058,26.4834,2016-01-01,MaterialSample,present,Russula_bicolor_study,GBIF,6
73049,Russula bicolor,62.2731,6.85139,2016-01-01,MaterialSample,present,Russula_bicolor_study,GBIF,1
73204,Russula bicolor,68.754,23.734,2019-01-01,MaterialSample,present,Russula_bicolor_study,GBIF,2
73599,Russula bicolor,61.5108,6.29833,2016-01-01,MaterialSample,present,Russula_bicolor_study,GBIF,3
73932,Russula bicolor,61.506100000000004,6.21278,2016-01-01,MaterialSample,present,Russula_bicolor_study,GBIF,7
74178,Russula bicolor,56.392,14.26,2016-01-01,MaterialSample,present,Russula_bicolor_study,GBIF,1
76065,Russula bicolor,58.5785,26.998,2017-01-01,MaterialSample,present,Russula_bicolor_study,GBIF,3
76120,Russula bicolor,69.1,27.0333,2010-01-01,MaterialSample,present,Russula_bicolor_study,GBIF,1
78480,Russula bicolor,61.5108,6.29833,2016-01-01,MaterialSample,present,Russula_bicolor_study,GBIF,4
79302,Russula bicolor,61.5108,6.29833,2016-01-01,MaterialSample,present,Russula_bicolor_study,GBIF,2
